column1,column2,column3,column4,column5
Name1,100,abc,100100,xyz,abc100
Name2,101,def,101101,yzx,def101
Name3,102,abc,102102,xyz,abc101
Name4,103,def,103103,yzx,def102
Name5,104,abc,104104,xyz,abc102
Name6,105,def,105105,yzx,def103
Name7,106,abc,106106,xyz,abc103
Name8,107,def,107107,yzx,def104
Name9,108,abc,108108,xyz,abc104
Name10,109,def,109109,yzx,def105
Name11,110,abc,110110,xyz,abc105
Name12,111,def,111111,yzx,def106
Name13,112,abc,112112,xyz,abc106
Name14,113,def,113113,yzx,def107
Name15,114,abc,114114,xyz,abc107
Name16,115,def,115115,yzx,def108
Name17,116,abc,116116,xyz,abc108
Name18,117,def,117117,yzx,def109
Name19,118,abc,118118,xyz,abc109
Name20,119,def,119119,yzx,def110
Name21,120,abc,120120,xyz,abc110
Name22,121,def,121121,yzx,def111
Name23,122,abc,122122,xyz,abc111
Name24,123,def,123123,yzx,def112
Name25,124,abc,124124,xyz,abc112
Name26,125,abc,125125,xyz,abc101
